timestamp_utc,side,mint,dex,signature,lamports_in,lamports_out,tokens_in,tokens_out,expected_tokens_out,expected_sol_out,shortfall_tokens,shortfall_sol,network_fee_lamports,realized_pnl_sol,notes
2025-12-22T06:45:37.276526469+00:00,SELL,L143SBd7s7h51dQ7ogea7SSDngJELjaw7SPJRRFpump,*,3YP84kKiwsY65e5JmbfjBipirqaFUeMPbZsaDEZdVJUfy8ST3F7R9QBNPZqSBsbvcpFuxzpW2qW4yGkDvo84uQmi,0,0,176121479752,176121479752,,,0,,0,-0.005,exit_fraction=1
2025-12-22T14:26:42.159826488+00:00,SELL,4CVAGQpd1wAJN9xQvwpmLPB8krLHD3bUjY9d6vS2pump,*,62mjchNgDCj6JPsJ2PbrmDZxS3stdqYf4F8jcUtbzQhyuxKZ24HH9F5Utm77ks3knxQWPkzFwHhHRUAVbyWU3ihN,0,0,176121479752,176121479752,,,0,,0,-0.005,exit_fraction=1
2025-12-22T16:53:30.187288489+00:00,SELL,59ADMHqa1BpyQF29HbHwMzZjGcjB5qMbv1qhfAFMkL5y,*,5DKge6smyoyzufA7Tay3f1roTpMM3ACkvXYHgbZRTsNZCVwnTSQ9sB4npnbdJFGnkZ72T4gYZsZ1EJMeSHg4CRyp,0,0,176121479752,176121479752,,,0,,0,-0.005,exit_fraction=1
2025-12-22T16:53:30.187298073+00:00,SELL,GGV8hQqbUVMmvHCgSaYpNe28uALkgQVQqvdwfKnapump,*,3NZEiRjVgvMRYuZbGEtEnEpnN2SffNH7aj7MZF6nNBLhxmfTpNvW4paoHHarfwPRJcx9dE4wkoCBEt1uKsobhRXz,0,0,176121479752,176121479752,,,0,,0,-0.005,exit_fraction=1
2025-12-22T16:53:30.187501490+00:00,SELL,JAAk2A4HNvP1jCgGbwq8bRFayoDzP7bp3tw9wkzbpump,*,HSZ5FwzWujdTQum1LKc5Qo9evy5y9tSkLSD84pYnDjgBaK41anzDGZdCQSbvpoBtt2oL7K36J4zse4UN1Gj8mQ3,0,0,176121479752,176121479752,,,0,,0,-0.005,exit_fraction=1
2025-12-22T16:53:30.188047761+00:00,SELL,EiBKWoZVuF4q6AZ7zjMvoVoECoxxky24yTryjMvRpump,*,2Z49hCZtMCULncfSJXn8EXVUUBghuv4vUsWyzjjrcYcnX3UEzkXDuXVoULN9Kh1QsE9oaMZMFwoPxTT8ogkivUMz,0,0,176121479752,176121479752,,,0,,0,-0.005,exit_fraction=1
2025-12-22T16:53:36.659507825+00:00,SELL,DuhHErN4ojXnaeP49NncRivy9Y3JJqynWF74f2Zzpump,*,2Dkoh4uVo5zZRTdLCZLoP7CtA7uWWWgyq9UedwjKLrvjjeq7SVgMwwaBp4usrykuC8irkNQKUiX9XH5aNfuxpiNz,0,0,176121479752,176121479752,,,0,,0,-0.005,exit_fraction=1
2025-12-22T16:54:13.139518553+00:00,SELL,9nsapQfNE4wN2Xgm5v8X9oCic7W2TeGKsK16HH7tpump,*,4mp9KMAxrRYvVDyBLn4NnupCm5R9BaCTeGbDcxtTF2xyRiux5LZSwY7F6BGoHrJWwKgdiNk5gggonGXVXhKhLix,0,0,176121479752,176121479752,,,0,,0,-0.005,exit_fraction=1
2025-12-22T16:54:13.139518523+00:00,SELL,3JuLHGMfBrMyCjd4R9Evfocnh2DUsfnS5oCEEj2opump,*,5C3tVhf465AgDnWpzWwPhbrCrUsV5aGBP6eCuWyZQPYM1ZQsS1tEYNJkCpYWFYpGWYq9jP3iTzdsc77Hszzsj2Ff,0,0,176121479752,176121479752,,,0,,0,-0.005,exit_fraction=1
2025-12-22T16:54:13.355780331+00:00,SELL,EjPDMsYh6pvbiWBVSckabvRagCG73vEQgWEEGBw4pump,*,5yst6V6nRHFjkGA6MVTw2tTvMmabfYWV8XEZKFciYMVaMfwhgB9YyMubrq2t5N8YTeuzRKZsTos8A5HtzE3mvJGw,0,0,176121479752,176121479752,,,0,,0,-0.005,exit_fraction=1
2025-12-22T16:54:16.364867761+00:00,SELL,AQV9pUB45yQHcvZKc9U2PXYftEZu8za1mfz6PXeYWs9a,*,3jqw3r7R21Bm2Bpj8FM624A4Yzfpdr4rtqeTQNzTXxf5JZKd7YMirxs9gDN92P6TfZZL9wAJ7fpj6fbdKoRoEqJ8,0,0,176121479752,176121479752,,,0,,0,-0.005,exit_fraction=1
2025-12-22T16:54:26.991715844+00:00,SELL,MDBvkihFj1znuVpG1xcJpP8hVG3PPNDQD6wJ8c4uwmh,*,5uPdJ8C6Yp4kuo1cJcCRbWWkcUr77NACHuho9f8uFLsZ9LmLypjDHbzJwyerDXnsP2jG6AWsqubDRDgQyF4BpP3Y,0,0,176121479752,176121479752,,,0,,0,-0.005,exit_fraction=1
2025-12-22T16:54:44.403580116+00:00,SELL,BS2WhyjcMQe2WkcHz2RSrudYbUofQD5j8A2N1Nxcpump,*,1PF45Y44iHUDJQyacpf3PRfyKZxAp2yz8qgMjXj6124etiNLL2AEdyQKAxyvEMXfed5JS83kavrCkAEddaHQAGf,0,0,176121303631,176121303631,,,0,,0,-0.005,exit_fraction=1
2025-12-22T16:54:44.709495234+00:00,SELL,CqP647j5nxAwyRcF6FMyyMunN2yUTok8w8qG3Gpipump,*,5zVAXrpyYbFgvQmaQLaMq5mNH9mF8nhixBi9z5M3JUuz8xeHbPg4KsKd48Lmt8ghTJv23RTyNG67Ei2YzUs9CvuS,0,0,176121479752,176121479752,,,0,,0,-0.005,exit_fraction=1
2025-12-22T18:48:10.856055251+00:00,SELL,3HiTSaFjybL68LWNpeuc9un7zoMM6zyCcBPNBajupump,*,o8ZxcjXfwggqERmyGixPWeqfEwB6aKcqBWUMktPNra5MXDABoD7ak5gkvNJ5xRvESHpsCRvivUezrqFSFmkD2fu,0,0,50959006831,50959006831,,,0,,0,-0.0015,exit_fraction=0.3
2025-12-22T18:48:11.650061373+00:00,SELL,FjmY29mxdbtQk5C7DTGHHuX1iF4ciTsiJUpUakPxpump,*,5akD4jnqXAkKzqbm5mkEoqKbvfeSbx8pJ5TJiQedtnLbx2PvpbAHJQCXu2WjwWjFiCNQ9wuKusVkWGGrEgQbBdau,0,0,50959006831,50959006831,,,0,,0,-0.0015,exit_fraction=0.3
2025-12-22T18:48:11.650930772+00:00,SELL,6kGe5is4qjoHiaRikBT2tFn4dJHqJqhsqTZQdB95Y3vN,*,3BhzsLuZVMPFvixgB6bChq98cMpkE8pDGRNh7d6SJhwJsBqoeiSqMXJCzNaK6xTynGhWr8hnXyADWMm62w6xE8eL,0,0,50959006831,50959006831,,,0,,0,-0.0015,exit_fraction=0.3
2025-12-22T18:48:11.762932152+00:00,SELL,GPqrk6oFrj5XCNEuajrF8zXsPDy9HteKXiyzSxhFpump,*,4vbhNWQCHpLykCgXHDbFybW9i6864LTyYMSdhnE2nVde9FnSzntXykxewWh5AsU7nqbFKpz5hAJVwtSHAsZbmj5z,0,0,50959006831,50959006831,,,0,,0,-0.0015,exit_fraction=0.3
2025-12-22T18:48:11.864724570+00:00,SELL,3dtx4JwJ3tjyQnxTjaCU6G3g5VJ6ge7Gm6fU3FXBFLPz,*,5vNbCvvjNdhNoQXyatWtfAhd75M7ry12XSiUZRikeixuEQQC9nEfnA2kf9UvaQLTjxUGamFAupF6877QfrkChXN1,0,0,50959006831,50959006831,,,0,,0,-0.0015,exit_fraction=0.3
2025-12-22T18:48:54.472864740+00:00,SELL,2KuQEqNG58RFgXkoqbpMwuj9RfRkCTvHN9CodY4upump,*,4uLMHEeNagG3U9D7NHWKacPmcTWKw2YSvq55BAJFX9WrhKyzXZCHDaf3GEHStDz32BqZnHGtq5MhbxG6W6PmSSL7,0,0,50959006831,50959006831,,,0,,0,-0.0015,exit_fraction=0.3
2025-12-22T18:48:54.547377388+00:00,SELL,BpC1a5fjYkPPGunBswz764EXdZv48m1NdBgreekzpump,*,4GCkYkeXtq5d9YATey7C5ADV6RWDhgEBceeVV8fxMLhUZFds62RD3SEcycxPour2bx3YHXj7h3gTsb5M11UVUWvL,0,0,50959006831,50959006831,,,0,,0,-0.0015,exit_fraction=0.3
2025-12-22T18:48:54.759567367+00:00,SELL,556E4pQJ9sW58dMHVTAYLgRYDKtKoAqtEQKHPewTpump,*,75gMbiCvUXdHNXxPJtkcSuEAWzobCyuMu7Dfh7PRieq7YPJu1pGt3YDrvZjxwVe2Vy8xYowRCejH8oCSPzUM6q9,0,0,50959006831,50959006831,,,0,,0,-0.0015,exit_fraction=0.3
2025-12-22T18:49:44.181617761+00:00,SELL,2KuQEqNG58RFgXkoqbpMwuj9RfRkCTvHN9CodY4upump,*,5WNaQgZEyMXxeeXH7Wws7ZxwhMbwGXDugHDuhzBjvSDkY4KNc1JHvjLhFGhLrsNB1hXJXgERox8i1WPzcbqt6Lnv,0,0,118904349274,118904349274,,,0,,0,-0.0035,exit_fraction=1
2025-12-22T18:49:44.181608997+00:00,SELL,6kGe5is4qjoHiaRikBT2tFn4dJHqJqhsqTZQdB95Y3vN,*,8ukjTHiX322eWERya6KAuH3KsDQE479NY12B4ws4HpHtEQ52eHgEQ3QW2JPfQ9J2qpfyjp758GQoTfzDeAn1aCy,0,0,118904349274,118904349274,,,0,,0,-0.0035,exit_fraction=1
2025-12-22T18:49:44.181649508+00:00,SELL,GPqrk6oFrj5XCNEuajrF8zXsPDy9HteKXiyzSxhFpump,*,4mrDEHoKYcotMXyY525qDqKrENdj1H4gBAUJ5iEPskmoYGNVNzPGHHhTRtjWK9MmZB2db4y7642DpUWBj1pLdmp4,0,0,118904349274,118904349274,,,0,,0,-0.0035,exit_fraction=1
2025-12-22T18:49:44.181819454+00:00,SELL,3dtx4JwJ3tjyQnxTjaCU6G3g5VJ6ge7Gm6fU3FXBFLPz,*,2nFav5P3HHfchXKcabVR3UhPWrjXTTQs7FSf1JVpujcbEPKsRJXTQEd9ei7jeeWkA66ihAdzCH5kb46e6goAEhkE,0,0,118904349274,118904349274,,,0,,0,-0.0035,exit_fraction=1
2025-12-22T18:49:44.260386836+00:00,SELL,BpC1a5fjYkPPGunBswz764EXdZv48m1NdBgreekzpump,*,23WqN5x8Wpv4S8ye4Lefq2vBPqVvPxXrQtzMeyd4AuxbDxx2d9MjyeeLLi1RxTccwreYwZzAqajVBSRsdoqd8Caq,0,0,118904349274,118904349274,,,0,,0,-0.0035,exit_fraction=1
2025-12-22T18:50:31.182360538+00:00,SELL,556E4pQJ9sW58dMHVTAYLgRYDKtKoAqtEQKHPewTpump,*,55vb1Gap4jt9uDV4kBfxow1rdx2E3Zch3uy3eTc3ZAk3bJ8SadSLDd4n13SCUn6eKLoG9AWQdYAMmCCkfBgPqd6H,0,0,118904349274,118904349274,,,0,,0,-0.0035,exit_fraction=1
2025-12-22T18:50:31.932663590+00:00,SELL,FjmY29mxdbtQk5C7DTGHHuX1iF4ciTsiJUpUakPxpump,*,qa7GyFEA9bhtYe78fc6F5TrS2L15y9qA3pnMARQq42K8b8piau3Kw82vEstwP6Qevkvmj9anv4YvSoPXrour4jh,0,0,118904349274,118904349274,,,0,,0,-0.0035,exit_fraction=1
2025-12-22T18:50:33.942194116+00:00,SELL,3HiTSaFjybL68LWNpeuc9un7zoMM6zyCcBPNBajupump,*,2b8DsSa9orXkaRNyCLBC3RCYefw5yf3pqvowZVk1dUZaMUwChcXW2zaGWEN4yab7uc4FoSEnhNArWeWxhC3tV9sA,0,0,118904349274,118904349274,,,0,,0,-0.0035,exit_fraction=1
2025-12-22T21:24:39.691392148+00:00,SELL,xoBd38gC9zRJVHoYg2TcxML8dbQfQP7Tagdb3cmpump,*,AyuFteUUpYVt3XJwMcZ6uWE4qwmhYYu5SymbvTmddy4QaKoWBw6Jaeg4jtH2rwr4ejZAneeYC6iGKdCQZLAhLmn,0,0,169863356106,169863356106,,,0,,0,-0.005,exit_fraction=1
2025-12-22T21:24:40.385487463+00:00,SELL,4SDM6zYvEAkN8prGJcBVuHkuYsnexfasDwDUumpLpump,*,2VgLK1LGzmuWEY4QK7WecYJkvQkRELYuN7wrDoGb9S8iUSWxywLKLEpBJedGkagRoiorJdFRe1npZJ3t5qDfWHiH,0,0,169863356106,169863356106,,,0,,0,-0.005,exit_fraction=1
2025-12-22T21:34:01.327036164+00:00,SELL,DZzJrcjdLMBwkeRdwkaY16z2kCLs4oh433SyunG3HDfk,*,2eLBLDPTtzfFNbPc9gmgDZwEDjeaer6zJBk87vEUMSs1YPuJa77yJvyEhWyBJTq2Y6dFSapdjUSYJtfzbDApH8ut,0,0,50959006831,50959006831,,,0,,0,-0.0015,exit_fraction=0.3
2025-12-22T21:34:53.894509858+00:00,SELL,GpPz9PSZvgAGrLAAmD6Q8Bv3h566UoUgQyfUoSpHtrGa,*,21jokNbMMJGFP8JJZZd63V5WdUGb7AxkHb2beznwvsRacGNwZKMjnRRurP5GZGb1UmfEywUuwzBGajmmiRTDfdoa,0,0,169863356106,169863356106,,,0,,0,-0.005,exit_fraction=1
2025-12-22T21:34:54.037419107+00:00,SELL,FRnLDZbipRr3th8pdugigv9Csxq6LPPC9e7rEHC6pump,*,4WRQkigjaGGnE3V9b12v8FPT3GX5hgaWXVeTzVnq2v9MDe1BeXZJ9FGBqJt8XAWamGHeAqVhehCVikw7FHZTADi3,0,0,169863356106,169863356106,,,0,,0,-0.005,exit_fraction=1
2025-12-22T21:34:54.321137225+00:00,SELL,BboGVjqV4jmy6L2wVCQASh7Po8iZGkQag9HYRjks49JS,*,3GRSsdS2hpxy35gtnjED7TPtHrUjL8u2F7wGFZb12vvHsMypSYZuQ7BRSy7eksKLUZJpNWK9NmarDv8DKzAgAoyd,0,0,169863356106,169863356106,,,0,,0,-0.005,exit_fraction=1
2025-12-22T21:34:54.427932219+00:00,SELL,FXAszYErGw9bPaCfqHSW7EdAMCgETrZzYyfeJU9fCGcJ,*,4BdPrzhu7BkMkEPxUgmR62VJPxtZ1suWmQ1m9fbBmQVQYDBdEh7gRWDvn9UqEfs1WPvzUBJss8wQDY7BwFY8ZbNf,0,0,169863356106,169863356106,,,0,,0,-0.005,exit_fraction=1
2025-12-22T21:34:54.651036448+00:00,SELL,DZzJrcjdLMBwkeRdwkaY16z2kCLs4oh433SyunG3HDfk,*,4Rarj9Ch29gevoMWi1rgPc8uxmYG7KLYDpw1yuEnjuh5n84Jecz8AdDTV2LPKJpYCdbS5moWcuQWG3QR8SY9Pb1r,0,0,35671304782,35671304782,,,0,,0,-0.00105,exit_fraction=0.3
2025-12-22T21:35:43.265812793+00:00,SELL,7Ynk5DRDYE5B2P9CwrdidrV9rrMAtJ87zrT3n3Ghpump,*,R6CYPoKQYV9jVLp6wKvc9h6Kk8jZ1xsdUMTxqqxuebVdGuowvmYDSP1q1gXKQg4mRqEJytNYKzcunweAjyzKsxe,0,0,169863356106,169863356106,,,0,,0,-0.005,exit_fraction=1
2025-12-22T21:35:43.367876217+00:00,SELL,CiwTxRe3x2yNtN8vmRg36Vs9uNKkBur4wNocc16opump,*,3811cGSbjST3VqisJBG7no2RAVwXkAT33mNXfqevT4yos9penHFZsGktS3bYKpYYJzx9JNP2MftPd3898oeEJsLZ,0,0,169863356106,169863356106,,,0,,0,-0.005,exit_fraction=1
2025-12-22T21:35:48.203189274+00:00,SELL,FjXvJMX1FziqUtVHfykVqw2AhhUGxewE7X3mPFtEpump,*,2St1LrZMzE14TJSRodrA5fry91VC6iaAVZpdGettiFMqYzVQE7R7jd3mM5g116XEJBGMWHnTEhtdSU1LmVcR9qox,0,0,169863356106,169863356106,,,0,,0,-0.005,exit_fraction=1
2025-12-22T21:36:38.417943713+00:00,SELL,DZzJrcjdLMBwkeRdwkaY16z2kCLs4oh433SyunG3HDfk,*,48ag4k1Hb8J5FvbQCBAYHWCF2Lpr5u8zMngw29AraENksBJqwHQK8quroRzbTg4Nh7foV59N8kkD4mWEEPt4VFtS,0,0,83233044493,83233044493,,,0,,0,-0.00245,exit_fraction=1
2025-12-22T21:37:42.686585329+00:00,SELL,EyfmCiJzdo5HAqqxxCrKqWFFPbSZKczNMnPkYwf1sCwx,*,G2anu1UQcG3NafVvVpeMHmZvfZ52pUMdwSf9dZog1JQturPgQCXDWQWYaJgm9i2HnjBGyrdwqz3v3s2WJDd9drc,0,0,158906378130,158906378130,,,0,,0,-0.005,exit_fraction=1
2025-12-22T21:38:41.515622546+00:00,SELL,8HxxirwLeGvnzVABLHqZ5isQNPpkdCet9Pars52gpump,*,3emeeFmcmvV773kNiiAbkxJZxemYcZeWxcHWuMCDCEPn2fFi8VhuUE2eNPHPL377th9YTrBFL5RU75JJBRCJVdH9,0,0,50625151669,50625151669,,,0,,0,-0.0015,exit_fraction=0.3
2025-12-22T21:39:29.424244870+00:00,SELL,HghEXyMFoi8sgtC9WuGgmHLtpm8mU2QWCJygQGRcNcHA,*,5WJxbJNW3FtUbMzT63XKcLxNTCqb5L2LoVXjCqUpRCVFsMznGucYAUevFaPxS6J5hvq9TnQHXsa1tX1HxAtqs4Yk,0,0,50959006831,50959006831,,,0,,0,-0.0015,exit_fraction=0.3
2025-12-22T21:39:33.801838947+00:00,SELL,8HxxirwLeGvnzVABLHqZ5isQNPpkdCet9Pars52gpump,*,8HcVok6GWwo8DGChNuqyCxsUz8h5VJ4qrKYipPwHR2Nud1KsmPewJ9k7etTKvW4ZP7jsYMBZhkR1VkyiMW65Ymd,0,0,118125353897,118125353897,,,0,,0,-0.0035,exit_fraction=1
2025-12-22T21:39:42.302460211+00:00,SELL,DSkDjBvLbqrX3fawoRb43V86ELGQLhBS38NGVtsQ8R2k,*,5hs4hymmv2vXRXAAZqz5XGYD2xTAExQzfm1wjbZbCZed9QAiC86KvYaR2upWCNFVrhoAUJtkqTv9KstkxkA7sUUG,0,0,50959006831,50959006831,,,0,,0,-0.0015,exit_fraction=0.3
2025-12-22T21:40:35.505687479+00:00,SELL,HghEXyMFoi8sgtC9WuGgmHLtpm8mU2QWCJygQGRcNcHA,*,4k1aqEZvQQQgkdvZUFxWHwWdbeGpJiEQfnFz2MF38QNkGx44sAuHttWr97HvssDGeA9sdspZumLQweiMmRUnC74K,0,0,118904349275,118904349275,,,0,,0,-0.0035,exit_fraction=1
2025-12-22T21:40:42.442830391+00:00,SELL,DSkDjBvLbqrX3fawoRb43V86ELGQLhBS38NGVtsQ8R2k,*,5zbdS1vHKET55a3AFVcLKuQVB65B6hqL6zA5VEYoZncofU7HmxMXNuqwAkRyHsYGrjmtA8kZDyzSjn3u3WAsJbor,0,0,118904349275,118904349275,,,0,,0,-0.0035,exit_fraction=1
2025-12-22T21:42:23.819140548+00:00,SELL,2m6VD9SixZvfP6ZUouTMB4QM4UEeYkMFyPhzbFGgpump,*,jcuwKkKbENqfNgoFwd11Zkd8KhuuAvmEbnqwJ9CWtimEQAx1fGANjaFkgv6jhAf5pXYjh4eHZh8aheSKJ6c5NuS,0,0,50959006831,50959006831,,,0,,0,-0.0015,exit_fraction=0.3
2025-12-22T21:42:24.833509153+00:00,SELL,DyrWdncdkFz6VcAbrBoUa1KFmkFSkN2BvNgSZ6dpump,*,5YGH7X2iP2MmSzwuHKVsStjPtY3gCtEcajuvUyE19SWJxSwZa1WgUCjtEv42bEZukRSitD4MjUc3j54eFCmP1qp1,0,0,50959006831,50959006831,,,0,,0,-0.0015,exit_fraction=0.3
2025-12-22T21:42:25.337523229+00:00,SELL,2LvxyqbVhBMGqHjzqJRpv7KkuiQmWT8FgsPg4E17pump,*,2e24dcWshvUm2z6Cqst1WTsLencNqdqyWFoDJbxU8T7S4ECzJDeHMiDQmS6sXuL2cpUeABs6UzoLSa8CEuJemt7k,0,0,50947399300,50947399300,,,0,,0,-0.0015,exit_fraction=0.3
2025-12-22T21:43:13.119710062+00:00,SELL,DyrWdncdkFz6VcAbrBoUa1KFmkFSkN2BvNgSZ6dpump,*,5LRWrV81L2PjkdJ24BLPkfr9Tq8fep538ehs7uUXLVWsbNvErZ4nc6gx7JjAHTz9NjeZ2qT2QuocLXeTVHUSU1V8,0,0,47561739709,47561739709,,,0,,0,-0.0014000000000000002,exit_fraction=0.4
2025-12-22T21:43:13.986301677+00:00,SELL,2LvxyqbVhBMGqHjzqJRpv7KkuiQmWT8FgsPg4E17pump,*,2qHA8rqnhk93XW8x3Mity9rLLoKbiDvqgjtPgHiHFift72nRMXeEi2n7tzTPc5ZLMCzAyzPaEWoYN6Y9FSNsGCMa,0,0,47550906013,47550906013,,,0,,0,-0.0014000000000000002,exit_fraction=0.4
2025-12-22T21:43:14.138046052+00:00,SELL,2m6VD9SixZvfP6ZUouTMB4QM4UEeYkMFyPhzbFGgpump,*,HdocJB3pnPfDE8oQWTwjdJ49BfrEQXwf2doQTnhZUprqnVe14hzcAGy72qQGeGdjDmGZD1kQKNgKAy1cHLP8hW6,0,0,47561739709,47561739709,,,0,,0,-0.0014000000000000002,exit_fraction=0.4
2025-12-22T21:44:01.036233218+00:00,SELL,2m6VD9SixZvfP6ZUouTMB4QM4UEeYkMFyPhzbFGgpump,*,2FicAnmHJSSWwVQwTs7Q8UoS6WBR5PEwjDT3SKnTmKfy6qPpuQ9FqjF2xgXxqLAZqJGXKZWsNRPs6rFCgoTQSvzH,0,0,71342609566,71342609566,,,0,,0,-0.0021,exit_fraction=1
2025-12-22T21:44:01.102421351+00:00,SELL,2LvxyqbVhBMGqHjzqJRpv7KkuiQmWT8FgsPg4E17pump,*,4Jb1R9N2EvixPQQnKFkTns3d3dqdt5ZtVTUUhUtYdXsRAF53sN65fYYV6SFZFT7tqtawb3YKMpfZ39JA5fuLP2Uj,0,0,71326359022,71326359022,,,0,,0,-0.0021,exit_fraction=1
2025-12-22T21:44:01.514540526+00:00,SELL,DyrWdncdkFz6VcAbrBoUa1KFmkFSkN2BvNgSZ6dpump,*,2B4CNLEkLRrMBDmcWhxn6UcT9PQDmuHgYnf4yVbVcxqdTAicKmKbXhLQicnU7yszps1i9Hv3C9quiAYy4nxQBaKt,0,0,71342609566,71342609566,,,0,,0,-0.0021,exit_fraction=1
2025-12-22T21:45:48.692984391+00:00,SELL,Gr6qWcvQibbemgWvyc2zPSErXCDbCHNr8FH8CPCsfry2,*,2xB5huQGAgRTuLEF3JE1MMEMjjcUgxmmir8sAeVQ12t5abjiYmun5WUvBhPY9Y2AFbhWFDMcUafj4ikCxLLAT4yh,0,0,50959006831,50959006831,,,0,,0,-0.0015,exit_fraction=0.3
2025-12-22T21:46:50.104930538+00:00,SELL,Gr6qWcvQibbemgWvyc2zPSErXCDbCHNr8FH8CPCsfry2,*,3WDQ9caukS5ehi6keSkkyGvp1yGadRGa4jEaQKejr7zsaMd4e6aSURjKHo282JMdYMh8sYuxGkb1tfqcsbG2LFU5,0,0,47561739709,47561739709,,,0,,0,-0.0014000000000000002,exit_fraction=0.4
2025-12-22T21:47:32.309824392+00:00,SELL,Gr6qWcvQibbemgWvyc2zPSErXCDbCHNr8FH8CPCsfry2,*,4vA7njaksj8xFvxoN2KnN72uod8DG3HrzTQpKULCMu9sJSH84HbuDo81gPNiW9yNmtdLwLC99e9inWHdPxWx99Qd,0,0,71342609566,71342609566,,,0,,0,-0.0021,exit_fraction=1
2025-12-22T21:49:07.522233261+00:00,SELL,Hph3xC9Nfxs1TFavn5vu3vY1yQGyCckcizF95XjKCm5K,*,4g2KVFD9sTFB7eskqcNJQdSADmAWjwttAqhbYessdrMCkPMJUz2DGe9KmLU6Eo1q6JJMapA7goJx8sZoj1KU5wkT,0,0,50925053967,50925053967,,,0,,0,-0.0015,exit_fraction=0.3
2025-12-22T21:49:07.643865345+00:00,SELL,2DiuQrvMXdGDMcJSRv3PkRTAGYZaWBtY8buLYspCpump,*,2vg5DEEkudKX69NvxwmMggCQ95RfHzNbCRN5vBoQa6nr5bHuwzwmcBiuNisUcBYwGs4tQHVzm8x5fnbmNwkvoAQk,0,0,50791667797,50791667797,,,0,,0,-0.0015,exit_fraction=0.3
2025-12-22T21:49:07.704465317+00:00,SELL,CTmEhNnwpxTUYwpzyZ1jkJQ7kjVmx7oyqM4NTPMcpump,*,57KyUWRecTjX5hq6artBdpeeSpp7xy8nREFBi67RspgrWSDZzoY32Xq11o8KViuoMpM6Lwezx85csZdnFwmQ4fHm,0,0,50925053965,50925053965,,,0,,0,-0.0015,exit_fraction=0.3
2025-12-22T21:49:09.372663673+00:00,SELL,CZF2fsH6esf7sUXQZgx9c3tZXCTNdVZEiJEeHkHKpump,*,ahMhfPpp6Z7GXFxQ4aTVUuCU63RxVcSicJ53FrSkeXAjqfoDRM5niU5opzjawY4eG97BL1LyVowq2wj8EfimyUX,0,0,50959006830,50959006830,,,0,,0,-0.0015,exit_fraction=0.3
2025-12-22T21:50:00.774401456+00:00,SELL,CZF2fsH6esf7sUXQZgx9c3tZXCTNdVZEiJEeHkHKpump,*,Uu4J5ZbSTrVow3ZHkJAkX7SbrgxrT5j4NAE2Ftq4YGWNMBUuMWerKthmEUQ7ULT9oX5xUh2CoynmC1rHNtvt41r,0,0,47561739708,47561739708,,,0,,0,-0.0014000000000000002,exit_fraction=0.4
2025-12-22T21:50:00.778262838+00:00,SELL,2DiuQrvMXdGDMcJSRv3PkRTAGYZaWBtY8buLYspCpump,*,rvudZFDVKVPgj7ps8omq2Y4MrGahMdGp6G58V7X1suAVNdXz4GQCudWxiVKUiaGVEKj2smqHvx92X3Lye7GcKr2,0,0,47405556611,47405556611,,,0,,0,-0.0014000000000000002,exit_fraction=0.4
2025-12-22T21:50:00.781327531+00:00,SELL,CTmEhNnwpxTUYwpzyZ1jkJQ7kjVmx7oyqM4NTPMcpump,*,2KJ5Sk4Fn4kSped7WceD4Ygem6DnSw9pWjc7XuTjsUhVweXxZv59WkmTJyjD15ufQAo71PPAw5n3ccA2RzzSkZdv,0,0,47530050368,47530050368,,,0,,0,-0.0014000000000000002,exit_fraction=0.4
2025-12-22T21:50:19.774154139+00:00,SELL,Hph3xC9Nfxs1TFavn5vu3vY1yQGyCckcizF95XjKCm5K,*,4HYfupzXLLz8hnPgfRAtn8G4Nx6n1jLqbyYLBTH2EUJEb1EhJnxtntNya9B5k2AGDimUcrBsScsA3NE4chBBjPTX,0,0,47530050369,47530050369,,,0,,0,-0.0014000000000000002,exit_fraction=0.4
2025-12-22T21:51:06.676392758+00:00,SELL,CTmEhNnwpxTUYwpzyZ1jkJQ7kjVmx7oyqM4NTPMcpump,*,289evibDLbxtqcFx7VGrC5yf6xMx4m3PhJK3DPxLCUmfyZDmy71yjPLv4jJJBCJHv16p133XgPdGdwpYRZqVKT4b,0,0,20370021588,20370021588,,,0,,0,-0.0021,exit_fraction=1
2025-12-22T21:51:06.676740831+00:00,SELL,CZF2fsH6esf7sUXQZgx9c3tZXCTNdVZEiJEeHkHKpump,*,3GFyY4n12x9wce84YuyqVtnQduvmzfTdTXHBG7F1g4afasDvpSeXhKWB2pernxqphyxYzuAQrMFHdYpp5ndKGfx9,0,0,20383602733,20383602733,,,0,,0,-0.0021,exit_fraction=1
2025-12-22T21:51:06.676761883+00:00,SELL,2DiuQrvMXdGDMcJSRv3PkRTAGYZaWBtY8buLYspCpump,*,4WpdbLxsGCjFRaQEkVTZB8TshjEdXuubibaqGT2C6qGCDzKwRA3eieZuK44bJp4GKjDKN1BbVGYEdHNH54a9bkbW,0,0,20316667121,20316667121,,,0,,0,-0.0021,exit_fraction=1
2025-12-22T22:16:27.899659361+00:00,SELL,ET8fY7uwCma2Ag4neNRTLAq1YCuQdqRGjJqJVxtPpump,*,3vQRGcGzC6SRuC2ezE2TMhGQXfEzaRRV9HcKJjD3nTt4SrJnPdpSVcVc3tP6fxT4pWUzqv9Mq7CojqjZ1qC4Py8B,0,0,50959006831,50959006831,,,0,,0,-0.0015,exit_fraction=0.3
2025-12-22T22:16:48.727418731+00:00,SELL,CGoW9Gn8kWEospnKZsVqpAD2JznFGx22aiYc2YvJpump,*,4XaiHzGcGixQubppZzHTDhDHowg6idagcbpr5aqDAceq5NocRMmb6bqb3QcAUxtc4iDisbEAAQogD6SBeYEKV4Mr,0,0,50959006831,50959006831,,,0,,0,-0.0015,exit_fraction=0.3
2025-12-22T22:17:08.018084245+00:00,SELL,ET8fY7uwCma2Ag4neNRTLAq1YCuQdqRGjJqJVxtPpump,*,58J1koSDfxxYYxxk3v1M7K7PN7MRzG8kdyYMU99A48Fzm79jgMiryfnLEeYGao4rGAAfagvWytdXw5PV4rhVvXzU,0,0,47561739709,47561739709,,,0,,0,-0.0014000000000000002,exit_fraction=0.4
2025-12-22T22:17:24.781991309+00:00,SELL,HpKMvH3QxshX3TkuGdZdR7RnQ5LZwtn1PGDFnhJ343uT,*,3JV1uUVhFcu67CdumCFt8ddmE1s3MEwinnBpDvVaAo48QmRhhGqFqoqhodrvG9TUa5Zy8j2FUUGpqo1BpRQJ3nsd,0,0,50959006831,50959006831,,,0,,0,-0.0015,exit_fraction=0.3
2025-12-22T22:17:25.181911262+00:00,SELL,CGoW9Gn8kWEospnKZsVqpAD2JznFGx22aiYc2YvJpump,*,5T9bFPMc43jphN7x6jEcU76ivqLgF44rHtkTW62Ny9UL3HrC2K8NNXRekRfAaChoephBso56jWPmwN83DQVbB441,0,0,47561739709,47561739709,,,0,,0,-0.0014000000000000002,exit_fraction=0.4
2025-12-22T22:17:40.647491602+00:00,SELL,CGoW9Gn8kWEospnKZsVqpAD2JznFGx22aiYc2YvJpump,*,44fW3rZ7sJcVTahJA4M5SFXTogMAxxBCcJd9qNgd73UMcebTo3negNRkLAtMM1DPam3VddUiVB6Y9nutWo88oVzh,0,0,71342609566,71342609566,,,0,,0,-0.0021,exit_fraction=1
2025-12-22T22:18:01.243875043+00:00,SELL,ET8fY7uwCma2Ag4neNRTLAq1YCuQdqRGjJqJVxtPpump,*,5ewRtByZLvBy5U8tN8nwV6BWubWPKKfjbSPqi3wHtGhH3xm1bYo6UoHKoLHi5AtHoaDdpTByqcfTtSPeNa6UMucU,0,0,71342609566,71342609566,,,0,,0,-0.0021,exit_fraction=1
2025-12-22T22:18:17.336725568+00:00,SELL,HpKMvH3QxshX3TkuGdZdR7RnQ5LZwtn1PGDFnhJ343uT,*,61iZQpqKJpc41Z87yzGc1A4ez3pdJAw5vWuXZjLXEwdNnx6vFBi2gMXD8Uy4dF8M63VxBgNFaHdLQqhnCPpQiNXL,0,0,118904349275,118904349275,,,0,,0,-0.0035,exit_fraction=1
2025-12-22T22:22:26.350645315+00:00,SELL,8YLsWFpXgJoabZiChCnCgpjq4UQ8GLjvNtcsdSQox87e,*,2haE1PWFCx9adASunt7bv9J378887ekJuunPKZsNVekTq6AkkTzgwjddL3MoLyRx9aoJdREyJ1sVaEgQQaE3cs7g,0,0,50959006831,50959006831,,,0,,0,-0.0015,exit_fraction=0.3
2025-12-22T22:22:42.102235481+00:00,SELL,2GkKrYDuTMvX4Na7HMZHnXFtc2SzfKRxx1krZs7zE2iH,*,4n1m5ztaKJpHiGXrM27r98U8tCBcmjXdJWJCov93GuXHkv32j1MMTCSYDhTZxEo7ADPQ5FfSxZSwp3mCuU8afMr3,0,0,50959006831,50959006831,,,0,,0,-0.0015,exit_fraction=0.3
2025-12-22T22:22:42.110210674+00:00,SELL,5d8D7tjD43dUXnyruUceRZgZGNyXBJZmnGoqroeUScwd,*,2BD4ruDBMRX9MTomtccSn8Q3aFG9MovsQFgbt88uHbau4ixZHKQESg6pe8iYbcfZUSWN9AF5nsF69iuuoRkKfTLZ,0,0,50959006831,50959006831,,,0,,0,-0.0015,exit_fraction=0.3
2025-12-22T22:22:43.495133292+00:00,SELL,3KN4q9dFXZ1e4riep2QDxitUYYuFe2QxNLHvwuDcKf5H,*,8RUjypDJoouep4cxKjvE98Pug4TiBBNjRLMAVssgFYJx3cUgA2x2piN69QM5vFdrWVhNpPdpPP1KB7piZWXfEu1,0,0,50959006831,50959006831,,,0,,0,-0.0015,exit_fraction=0.3
2025-12-22T22:22:58.462443657+00:00,SELL,D83xUHLF355RdTywZbBct9VbNMHDxgyRSeBXFm6s7r8c,*,4bnHNCh8d3Ua9MT8BFbmzz2unKrAJoEUWY7h9xHyvfZjoQkznhxM7qbqz3wvhzENbFTiqUbUSS8TbMRYGY92nHZk,0,0,50959006831,50959006831,,,0,,0,-0.0015,exit_fraction=0.3
2025-12-22T22:22:58.462484468+00:00,SELL,8YLsWFpXgJoabZiChCnCgpjq4UQ8GLjvNtcsdSQox87e,*,2Ajkobc3jbF9jfbjUMifUfqf16msdCNPLNSsWoR68cRGHHGtJux3R1k3hn4UQoxiS9r3B57NGv5ft83KomJwx87L,0,0,47561739709,47561739709,,,0,,0,-0.0014000000000000002,exit_fraction=0.4
2025-12-22T22:22:58.462525790+00:00,SELL,EbhLbYB9GWEc4wEyikVf1ke35Gk3c69HSYrzRrYEtrHN,*,2sAE1zDRBpzS3iwAzUs2q9LbwwQ2dfSohMCzKxRbEKiMcLrJbqojhVZpdWVhczWUm12WVPEEharYC4K1eLkQMDWR,0,0,50959006831,50959006831,,,0,,0,-0.0015,exit_fraction=0.3
2025-12-22T22:22:58.576908426+00:00,SELL,5d8D7tjD43dUXnyruUceRZgZGNyXBJZmnGoqroeUScwd,*,5LS9GK9Vt3WXisQGmgCH6txZUStsrRmLHpR4DC8L6Ftw9Jxop818hv2JotoeCGJoWQtjSGsWGUbxfjcAAjZ89n5P,0,0,47561739709,47561739709,,,0,,0,-0.0014000000000000002,exit_fraction=0.4
2025-12-22T22:23:03.143471161+00:00,SELL,xM4eMPoeNxirftekAcW5tuJrzGLzSfLw5muzWmbnpQC,*,2RtXTiXq4WBKL8JrfhxNw78JFggRUr6XRWXnsREhGCgofh895pHJnuPSuEmMXPHTVbimzqPSpq1rQAuF4uyQhHaY,0,0,50959006831,50959006831,,,0,,0,-0.0015,exit_fraction=0.3
2025-12-22T22:23:21.296673592+00:00,SELL,3KN4q9dFXZ1e4riep2QDxitUYYuFe2QxNLHvwuDcKf5H,*,Q14kGeQgBfTiguE7bg2s6wTgzJYTcUxnTJty4vmbLfytfm8hU1Dbhru6yn2sZgtna9sEXsncFEgkeaa6pEpciBv,0,0,47561739709,47561739709,,,0,,0,-0.0014000000000000002,exit_fraction=0.4
2025-12-22T22:23:21.296679080+00:00,SELL,867kwEwaG4CoxxNNy6SjZdHUVt7LvvkCPPuqaUfWHsMa,*,4UJjUpxK3U7hEFuime3aCDJ61yvftQ8Z7bLfVNQp6VJXT8iKZCRWM9kimjTZzqfTsbHCMQWdHWtKwdxmVnkcooh3,0,0,50959006831,50959006831,,,0,,0,-0.0015,exit_fraction=0.3
2025-12-22T22:23:21.296793462+00:00,SELL,2GkKrYDuTMvX4Na7HMZHnXFtc2SzfKRxx1krZs7zE2iH,*,LtndgQuhVKMzuTkoYE87jv6XEocGDaHcoAces2ouSuB7eHpobwWsfVtyybXhTdYhjarES1qgZZYZN3kcwyo8UAy,0,0,47561739709,47561739709,,,0,,0,-0.0014000000000000002,exit_fraction=0.4
2025-12-22T22:23:36.557168510+00:00,SELL,867kwEwaG4CoxxNNy6SjZdHUVt7LvvkCPPuqaUfWHsMa,*,4WbZxpTWNKQjmvQqSWS1tP8YrRQqAH29CS8KgEo7rRMffHPVsW3VWLP29K1Ab4VnTJDqxrJB1FWzJgFbKpBrtrYG,0,0,47561739709,47561739709,,,0,,0,-0.0014000000000000002,exit_fraction=0.4
2025-12-22T22:23:36.557434080+00:00,SELL,5d8D7tjD43dUXnyruUceRZgZGNyXBJZmnGoqroeUScwd,*,2F1EGfiZnTSXJgE5YUc4MkPGmw72c8PhLwnXjVhyG2tbz7JQy4shE9hkP1xMYcjecEacDEMvW1jrjhusQKbCb2v,0,0,71342609566,71342609566,,,0,,0,-0.0021,exit_fraction=1
2025-12-22T22:23:37.098316096+00:00,SELL,EbhLbYB9GWEc4wEyikVf1ke35Gk3c69HSYrzRrYEtrHN,*,36MPh3KnNw5TLpcv7JDdVH9rRd4m6rnnqm8RbuqZdMiBP6UmTYeSuHzfzFRQSjeWr3DEVuG3sSQGLz3xAaATU1Sa,0,0,47561739709,47561739709,,,0,,0,-0.0014000000000000002,exit_fraction=0.4
2025-12-22T22:23:37.103875773+00:00,SELL,D83xUHLF355RdTywZbBct9VbNMHDxgyRSeBXFm6s7r8c,*,36wTxaDNm5ttXqDxyTo5mq3eDP9LGHVykekYWAdA8cM12KvinPkDZLMxFMUpNXJea2EbS5k4evtE6qSZSoofjR9h,0,0,47561739709,47561739709,,,0,,0,-0.0014000000000000002,exit_fraction=0.4
2025-12-22T22:23:43.103397700+00:00,SELL,xM4eMPoeNxirftekAcW5tuJrzGLzSfLw5muzWmbnpQC,*,5C1YY3PhHPSfgj2hGfR5cBC2kDEuA95VCUjpm7HomFkpe2QR1GtJzG43JVGY8EvrdR7D35y2FgAZoERLzKHqnvep,0,0,47561739709,47561739709,,,0,,0,-0.0014000000000000002,exit_fraction=0.4
2025-12-22T22:23:52.306203519+00:00,SELL,8YLsWFpXgJoabZiChCnCgpjq4UQ8GLjvNtcsdSQox87e,*,4RaxoqaRSHNP5uohJfRVpGnNTi6W2uu6ugi4tBPZsvx4EjwsZeHX2Rwx2UXLkc7sevrGnJBRswkijKY1oRM1Ef1e,0,0,71342609566,71342609566,,,0,,0,-0.0021,exit_fraction=1
2025-12-22T22:24:07.594006857+00:00,SELL,EbhLbYB9GWEc4wEyikVf1ke35Gk3c69HSYrzRrYEtrHN,*,4GtVsxnj1aLruxn7KJE8WTZFoNyv2rK9Ay95KzTjbJ5Unoc64Qov2GUjUFTpJQCQZxC2vpdA1Q6m7cJ64HLCU6cZ,0,0,71342609566,71342609566,,,0,,0,-0.0021,exit_fraction=1
2025-12-22T22:24:09.585257650+00:00,SELL,867kwEwaG4CoxxNNy6SjZdHUVt7LvvkCPPuqaUfWHsMa,*,4gsgeksT9EUeA8XDx8k4U5XUixoPRBEbshqzT9b6ijgJKioNraNyLyCKcrUNs7WkfVB7my9aYgFSV1iZMXDck1Ep,0,0,71342609566,71342609566,,,0,,0,-0.0021,exit_fraction=1
2025-12-22T22:24:09.586656335+00:00,SELL,xM4eMPoeNxirftekAcW5tuJrzGLzSfLw5muzWmbnpQC,*,2GaKus16d1Rts57UjJ2uxuYGyZfWuGxQJCiXXQBUNiQLpPW6Sp75FviSXtZNvsTwScF161JU1xBey2PEWwEa5zd6,0,0,71342609566,71342609566,,,0,,0,-0.0021,exit_fraction=1
2025-12-22T22:24:09.593494096+00:00,SELL,D83xUHLF355RdTywZbBct9VbNMHDxgyRSeBXFm6s7r8c,*,5nst3P48EVP7bh4VyXhXQQDysqpm2QcuhQatJ56sruJqQfX2ydxXa7gHK2J81Fyiwz4ATXmz1DarXHDo6bh6aJrJ,0,0,71342609566,71342609566,,,0,,0,-0.0021,exit_fraction=1
2025-12-22T22:24:15.603481195+00:00,SELL,3KN4q9dFXZ1e4riep2QDxitUYYuFe2QxNLHvwuDcKf5H,*,31unP5RtJJBxoYqieC68pFTaP65pVK1VcQ4zB5iXtaF92pGbzwGewofcaDueHWxoD2Lm1mdyspUZJMPca8KLSbjd,0,0,71342609566,71342609566,,,0,,0,-0.0021,exit_fraction=1
2025-12-22T22:24:41.463390328+00:00,SELL,2GkKrYDuTMvX4Na7HMZHnXFtc2SzfKRxx1krZs7zE2iH,*,522ZRY4hHRCiwtxBNpD1TurC9XTjJzjz543ii95MLPbxf6GSVzK3DF4F3ofjYFr2fmECdD9HKvTBnzQLE44hdqze,0,0,71342609566,71342609566,,,0,,0,-0.0021,exit_fraction=1
2025-12-22T22:25:42.779615553+00:00,SELL,EKbifZd6Z8gqMJvBBZwSXZNi7QbgCj97b3sB9HdTpump,*,cdxqK3F8i6k119VeF2T6A32rfcc4ZDuH5cxirFpQLq7LirLHDhHY19tcCz13vQt5CcBhfUJqxvgxmWreSGjHy4y,0,0,50959006830,50959006830,,,0,,0,-0.0015,exit_fraction=0.3
2025-12-22T22:25:58.995523412+00:00,SELL,ERzXg3aBCh2vY8VUotXRgPTGXSBTy8jJ8eBtccLn5nZm,*,55sT3xSp2DaTnmkFf7Xknzq3NPDHUHigEoVn8NR8xaJThqK6ASfyPpLop1mza9TgXQKMmHzEDTsSnJrxBZsVHLJA,0,0,50959006831,50959006831,,,0,,0,-0.0015,exit_fraction=0.3
2025-12-22T22:26:00.451503390+00:00,SELL,5B6ZxNHUwZJ3gaTQ6UnkJctBRNhnFNN8NsAzp5sBpump,*,2EZrHDsW4J56pG3Zm5Kxo9hzGKkuqY761fBY4CzCgujs2VDbi4UvHYqhHxk2DwyjkjaKWG9YNtnn3Cg1vBaERbqp,0,0,50959006831,50959006831,,,0,,0,-0.0015,exit_fraction=0.3
2025-12-22T22:26:20.316586915+00:00,SELL,EKbifZd6Z8gqMJvBBZwSXZNi7QbgCj97b3sB9HdTpump,*,4yXphRR6XW2fgtBFBaTjgRzqjRV89JPRPfQJd5dLxBLesyZ1AjjQpu1H3RbpMSGu8f1SzSA2HL1v23mfjZM666HP,0,0,47561739708,47561739708,,,0,,0,-0.0014000000000000002,exit_fraction=0.4
2025-12-22T22:26:36.147387857+00:00,SELL,ERzXg3aBCh2vY8VUotXRgPTGXSBTy8jJ8eBtccLn5nZm,*,2fWfYpt5u9Ln62REGWGNCNJ7aRnUEX7JeEkbqmMEyhNSXWUSfxqZYx3s8vjXbhtQF1PvAL3z71cVDbRnA6wMtknC,0,0,47561739709,47561739709,,,0,,0,-0.0014000000000000002,exit_fraction=0.4
2025-12-22T22:26:43.989431512+00:00,SELL,5B6ZxNHUwZJ3gaTQ6UnkJctBRNhnFNN8NsAzp5sBpump,*,4DrFmBcEjcuHzQyKzKtbH1FFk8hRQSt6zM8XV35p4h8c4SG7jNBvZz5DLc8K8j9AQafEvLrQZcfg27BQg7HVTmPB,0,0,47561739709,47561739709,,,0,,0,-0.0014000000000000002,exit_fraction=0.4
2025-12-22T22:26:58.100604258+00:00,SELL,5B6ZxNHUwZJ3gaTQ6UnkJctBRNhnFNN8NsAzp5sBpump,*,5HRK4DTVpDjnxJmfaTfNDp4PMYkn7aHZJP4eRC8T8aJ9vK8PmzdtZNMBhoGDYy8mrgR4SiRfaKguy3cfzmAynnTh,0,0,71342609566,71342609566,,,0,,0,-0.0021,exit_fraction=1
2025-12-22T22:26:58.794206648+00:00,SELL,ERzXg3aBCh2vY8VUotXRgPTGXSBTy8jJ8eBtccLn5nZm,*,4PFmxykLs4ALQGKCrmpb6aRsPfBGxD9r8HfrXdXN3iWbFsSwa3AVigBAAikEqBgjjM4zctra6jCD3Y2pBB585Kx1,0,0,71342609566,71342609566,,,0,,0,-0.0021,exit_fraction=1
2025-12-22T22:28:41.878530262+00:00,SELL,2SFt8G6Nyy91fyQLBtwMzsfWa1rDnUhNLEckDQ3Cpump,*,61xPb1p7u3M4gVPV4qtBTJC7nNMcPHVhDjKwpsfEdxzSSn97vsjpdTEkebqrUioT8JxWk1Y2PvZvmVMCWiiHCJM3,0,0,48473257450,48473257450,,,0,,0,-0.0015,exit_fraction=0.3
2025-12-22T22:28:58.003703055+00:00,SELL,2SFt8G6Nyy91fyQLBtwMzsfWa1rDnUhNLEckDQ3Cpump,*,63wrjR1odFbETNyMCB4v4hNTr8DT6wVb9NCmYrMmm5Vzn1eqPsZx357ANLxpwAPMjqBqqkkCUAV9ro67kSFmPppN,0,0,45241706954,45241706954,,,0,,0,-0.0014000000000000002,exit_fraction=0.4
2025-12-22T22:29:21.430858006+00:00,SELL,2SFt8G6Nyy91fyQLBtwMzsfWa1rDnUhNLEckDQ3Cpump,*,fyfSAM7WDFVPsWYcpTzAPaB9Ds3b6ZEqfkqzzgag6Sf6zDggoTpxFA3GqKFLkF8kYkHAzje92QUuVBemNscy6Ds,0,0,67862560432,67862560432,,,0,,0,-0.0021,exit_fraction=1
2025-12-22T22:29:54.396990461+00:00,SELL,HPRR9BJE1rLcTrVh2oAeZkRsf2PTrnm6wvre9KV3irsc,*,5Y2fapvB1jLtPuPMZBE5bdhbGuoqQECrBCMGMXnQgCV9MHDoZXKckNkNiXx6gcZAso9y5iXo1vT8FUczAdo8k3Uy,0,0,50959006828,50959006828,,,0,,0,-0.0015,exit_fraction=0.3
2025-12-22T22:29:54.496756860+00:00,SELL,B2WWGmYqZgH13DkVqKHmjF2aSqcxauEeQHqkqJ8Epump,*,4PzBdB7VgMFHoSArNf9S6NZyW1g2N1ko5YGoD6aDYgvc53db4sKn3XpdGuz6JuG29XwkmM6g4AZnRs7iD8Ru56WX,0,0,47759461908,47759461908,,,0,,0,-0.005,exit_fraction=1
2025-12-22T22:30:00.359767605+00:00,SELL,68YJvrM3HMzHUqUQG97Pa62VjPNFbiEZiMLNEy3qpump,*,9GfqoAS3vaNsVn1wAnwNKL2tpUiSPifb5dU8NyUTAzrc1kGcdY4YwAxaWhkBmwPk4jYJLjpSCsJctU6ZgjsFqzN,0,0,50959006811,50959006811,,,0,,0,-0.0015,exit_fraction=0.3
2025-12-22T22:30:29.672202966+00:00,SELL,HPRR9BJE1rLcTrVh2oAeZkRsf2PTrnm6wvre9KV3irsc,*,Y4BN5yZSEqtcFaaySNsyp7t9mjmBVoAsmg19Yz3gEBC3BhG8wYBA9UUofb61qaFTkKoS2rPQBgDUATCf2Kst8GN,0,0,47561739706,47561739706,,,0,,0,-0.0014000000000000002,exit_fraction=0.4
2025-12-22T22:30:30.445932981+00:00,SELL,68YJvrM3HMzHUqUQG97Pa62VjPNFbiEZiMLNEy3qpump,*,2FAMenXSS1t7e4uueGQFiBnRcr6CuF2Xh5t8mkQCqRo47Fs3XgUwf5Wetbfx3UfrWozQc1g7NRCALkg65bBEN2vG,0,0,47561739690,47561739690,,,0,,0,-0.0014000000000000002,exit_fraction=0.4
2025-12-22T22:30:59.619814096+00:00,SELL,HPRR9BJE1rLcTrVh2oAeZkRsf2PTrnm6wvre9KV3irsc,*,3n4jYN1TJhN8TMN6smkDZZjQQTMdbbxy6DjtjSUwLd5H5JX7LcJeWvJG2oLerNeu8r3hD3YxFKzTvAVptswqZ5yG,0,0,71342609561,71342609561,,,0,,0,-0.0021,exit_fraction=1
2025-12-22T22:31:15.217356821+00:00,SELL,68YJvrM3HMzHUqUQG97Pa62VjPNFbiEZiMLNEy3qpump,*,2wkFNwBBgFQmXhfW2LnENCS2LjMw87n4ya5E3Q3ZCgwyhJYBC6cmQFRhQZGFnT1agSafqaczg83NMZHH591W9L2J,0,0,71342609538,71342609538,,,0,,0,-0.0021,exit_fraction=1
2025-12-22T22:31:31.049365707+00:00,SELL,FtU1sBrjWyd5X9297mKkeScVqeRsSx4yUHWTmncVpump,*,4uKu8Tq1ZGQiq2JX4xEZJ5XETTHXUgSPWacMdmxpc2fXRaqoeCGchdDrxQ7T8pFFDeM4zJ1r7Eru4PqkTDiUeBCC,0,0,50637819664,50637819664,,,0,,0,-0.0015,exit_fraction=0.3
2025-12-22T22:31:31.093374686+00:00,SELL,6wfU25Qufw8mgfMaXFDvP91GwMtRpHSJocJgpzqvahka,*,2CdgfEMiQHEiYFEfuztmWzxKsQvmTri4fka4JZKMiXFVoCEvuR4ZYKsw73FwkqKJCyceY73cBf6Nfv3eZMqrsxeC,0,0,28843395343,28843395343,,,0,,0,-0.0015,exit_fraction=0.3
2025-12-22T22:32:04.524363429+00:00,SELL,6wfU25Qufw8mgfMaXFDvP91GwMtRpHSJocJgpzqvahka,*,2hvx4VogsdPHN9SM1RDyA2CJFSa8jWdpaoZ4rsir7JxyHvQ9886u5EKMUmQFKjAnNxJBrT9JuoafjXhAvLdnUxeX,0,0,67301255802,67301255802,,,0,,0,-0.0035,exit_fraction=1
2025-12-22T22:32:30.090624837+00:00,SELL,FtU1sBrjWyd5X9297mKkeScVqeRsSx4yUHWTmncVpump,*,3Y4e2ph1rPqVEymFcCcBTfCBJTx4c1CuP5gafeEZwYy5afor4rbwfM5CtbVs4JZrYYeoCBoMqvnNdaRE4MoXxiCD,0,0,47261965020,47261965020,,,0,,0,-0.0014000000000000002,exit_fraction=0.4
2025-12-22T22:32:44.240348999+00:00,SELL,FtU1sBrjWyd5X9297mKkeScVqeRsSx4yUHWTmncVpump,*,qwQc3vPK9kzX83HkGXbZfMbyzN6K9zHnb2qzXJkjiryQuPzenMKjfZ5x2M3SrpcAidmxQqC8EVZHraEkwb51TXQ,0,0,70892947532,70892947532,,,0,,0,-0.0021,exit_fraction=1
2025-12-22T22:35:08.090215556+00:00,SELL,AkcqW9mrRRD2HNkB3eWeCAYy2s3pjDb13PFZhCDQpump,*,5oca42dB2BuQyKGWKKGe5RH4wdRgePG44ndZ1yckVkrbPL77KsB84wAEYNh4StoLN7cmhP1GYbaQQF3CeJg5SCha,0,0,50959006831,50959006831,,,0,,0,-0.0015,exit_fraction=0.3
2025-12-22T22:35:34.439774488+00:00,SELL,AkcqW9mrRRD2HNkB3eWeCAYy2s3pjDb13PFZhCDQpump,*,3c4Mj2vFmpGdrEE4y5eUSLPJimqK8UoT4vRTTHJgLVhA3x3EK1e7JPwAwRQyJ1Td3K84GYqC1EMuGYDXGvC1vFPt,0,0,47561739709,47561739709,,,0,,0,-0.0014000000000000002,exit_fraction=0.4
2025-12-22T22:36:07.850418994+00:00,SELL,AkcqW9mrRRD2HNkB3eWeCAYy2s3pjDb13PFZhCDQpump,*,58C7cEaSTaYj9G9ZfER5tV8RG56XQacdrEacwVkq4sq2795qHpGPK5giMGcHyi5Ye7XqqLzYJsFKjKxDybNkJM6W,0,0,71342609566,71342609566,,,0,,0,-0.0021,exit_fraction=1
2025-12-22T22:40:05.344128470+00:00,SELL,N5UoDainmNzNytGX93RzN1TfmMuNheyWRNAM2sGpump,*,59ogSDL6RAKKHXd5aWBbxyCNzobLV12biUZXA4HquTWKNQBw3qJ63nkpWMM1Lk92gRDkWJnJRsftCvLW9eVENpaR,0,0,50959006831,50959006831,,,0,,0,-0.0015,exit_fraction=0.3
2025-12-22T22:40:12.169210788+00:00,SELL,7ePNEweVr4aQ289moHzhaqycfZLuPLoM3naHhNDRjpQ9,*,3Zv7xBFqeDYBa67MpCQfnFKg3PjAadXibbwTqrtu5C65V34UZJk8BbPeM1FxAzvziLDsXvtGA1fCxd6AJrpLtAGW,0,0,50959006831,50959006831,,,0,,0,-0.0015,exit_fraction=0.3
2025-12-22T22:40:34.186939806+00:00,SELL,Aw7qoHf44u13pWJV1zYFmyN2XmBSdWDrCPr2kJLwpump,*,DdayeFQMR8VZSNvxuyxGRgyyaGq3R8v7Q5cnr2JmKer78kMbnNUnBxxaPGgrVi33i1xNrHngN7n8uU4VQbN15KS,0,0,119061932499,119061932499,,,0,,0,-0.005,exit_fraction=1
2025-12-22T22:40:49.408143044+00:00,SELL,N5UoDainmNzNytGX93RzN1TfmMuNheyWRNAM2sGpump,*,4MdxWprYR8KGVyuTCFBKNAbWsjVLmRcuX79hbuYsEDCgPNoqTdVrUvJhJqJzMLdLsUi9ZfriCyCsHwBka2x5zuLT,0,0,47561739709,47561739709,,,0,,0,-0.0014000000000000002,exit_fraction=0.4
2025-12-22T22:40:49.415677187+00:00,SELL,2AJSve9qmkVxRgbuc62dhNjoRyZ2dRuYaa6STQ84pump,*,344WCe1spG1QxTsYwhqv5WavTXmkBNGjiwJuhuQJmuKcvvos2fDmoRH8ou5quRAyHU7go9LNMQAn3mku8itVzwYc,0,0,50959006831,50959006831,,,0,,0,-0.0015,exit_fraction=0.3
2025-12-22T22:40:49.425836462+00:00,SELL,7ePNEweVr4aQ289moHzhaqycfZLuPLoM3naHhNDRjpQ9,*,JoQVZNUPFKVuP3RSgTJBL7Acne1DcAYT692tinJvbJqxvkrLvx8AWiNdzMVoLEMzYPT4ZXFhFa7b8ZfvBez9kJw,0,0,47561739709,47561739709,,,0,,0,-0.0014000000000000002,exit_fraction=0.4
2025-12-22T22:40:58.409449428+00:00,SELL,94ipc3xM3bHDnp6TYuUkFaoM7qsLTcVoTF37iW5Vpump,*,vGoVYiz3setoJWP28YWsqKS2RPVjxPQP8soFBiyhMhRrVD8282eVNoyzzYBUxihe11L7vqyeEoVo9ETQnUZ18LP,0,0,34156896227,34156896227,,,0,,0,-0.0015,exit_fraction=0.3
2025-12-22T22:41:14.157914994+00:00,SELL,N5UoDainmNzNytGX93RzN1TfmMuNheyWRNAM2sGpump,*,5p5RaCvvtgGoyLVZAfctmzYpcD31sVuTZP3qH4ZLbqvxkhAcU1zPs3LKsJtZuhozSQKmw9EEKYDYRaCRpQqkQnPr,0,0,71342609566,71342609566,,,0,,0,-0.0021,exit_fraction=1
2025-12-22T22:41:17.667039642+00:00,SELL,94ipc3xM3bHDnp6TYuUkFaoM7qsLTcVoTF37iW5Vpump,*,XLqZTWU9erRg922VEqM3G8VeFmEyLpUnwT7nPgY4koKVy3Wet9gDnSBfCxZ3LMndA1m6ZqSaKqPfugbCE6KvqNz,0,0,31879769812,31879769812,,,0,,0,-0.0014000000000000002,exit_fraction=0.4
2025-12-22T22:41:45.798190326+00:00,SELL,2AJSve9qmkVxRgbuc62dhNjoRyZ2dRuYaa6STQ84pump,*,3MmYPbH91VYz3pspdLuChemkyiWKyMRTCMvm3wVcjSzXxyr8uR5jdTKes4334xfaPVsFHrsCEgnm9thWFh3Zmuop,0,0,47561739709,47561739709,,,0,,0,-0.0014000000000000002,exit_fraction=0.4
2025-12-22T22:41:46.776637184+00:00,SELL,94ipc3xM3bHDnp6TYuUkFaoM7qsLTcVoTF37iW5Vpump,*,3LbosSYizgjtoXYQW7hVmQHgr2LpjKzT9GckysvJSmAXmFTxr6fJrd91j3wpoXtNRELX5QQ8vTarcDWSSLFv5xV5,0,0,47819654721,47819654721,,,0,,0,-0.0021,exit_fraction=1
2025-12-22T22:42:16.331474911+00:00,SELL,2AJSve9qmkVxRgbuc62dhNjoRyZ2dRuYaa6STQ84pump,*,TxmseHDcjKba6qCvdP2SbypgFLAKKwxrR7XcbZqqirmfssTJ1eheMMpqrcha1tmd4XD55xmuVypPA7JrNokUTc9,0,0,71342609566,71342609566,,,0,,0,-0.0021,exit_fraction=1
2025-12-22T22:43:27.539192146+00:00,SELL,FFG4URCNA8bK5fW3D6jhPfEppRKV2SuBhVQFHb4apump,*,29CMfUjtiYen6NGecaLBtbu9DqmYyzaaUyy99goN43ZSv3CgxhFCqJP5LtDmW1JyZt6z8rTDctMsvr5wnP3sEsGp,0,0,47485627834,47485627834,,,0,,0,-0.0015,exit_fraction=0.3
2025-12-22T22:44:14.006306644+00:00,SELL,FFG4URCNA8bK5fW3D6jhPfEppRKV2SuBhVQFHb4apump,*,5TWWepwdoPffjdQDfwvoHCtEBJi18bcgbekmNxsD775FZxmSpJhDN2wfcW7S8ePSBWHhnuioDoCYxaDWNnHceHYC,0,0,44319919311,44319919311,,,0,,0,-0.0014000000000000002,exit_fraction=0.4
2025-12-22T22:44:31.887254649+00:00,SELL,FFG4URCNA8bK5fW3D6jhPfEppRKV2SuBhVQFHb4apump,*,38kh9NUV59SkyemtqYVVE1MB5dvUu5SZcSsoqvBoTfSMzXW54MFzTPtYauyuRAEd1Z5wwyA4ut7VxybHyctYjZLK,0,0,66479878969,66479878969,,,0,,0,-0.0021,exit_fraction=1
2025-12-22T22:48:56.727527981+00:00,SELL,CuGrNXH9CmckmjT6R2tmYv2EBT8ATmhwm23e1ezwpump,*,23tEbPc38DJG7mPDma9FnxMiNDENW6P2YG33DJavLLMLfD2UChig2AHY9aQuyB5staJNmQRHNSBXJejPVqJPVbT1,0,0,50959006831,50959006831,,,0,,0,-0.0015,exit_fraction=0.3
2025-12-22T22:49:39.331330016+00:00,SELL,CuGrNXH9CmckmjT6R2tmYv2EBT8ATmhwm23e1ezwpump,*,4AxL85hkBmZqEanKbPMYDc37bcU2WbwrgCjvMj6rQXyHQHndTJVaUKdq5tRBCzr9Q4owKD4WT4NsmCw3ZX3m75PC,0,0,47561739709,47561739709,,,0,,0,-0.0014000000000000002,exit_fraction=0.4
2025-12-22T22:49:56.601189699+00:00,SELL,91xShwB1fcuQ283wpqcYo7BSemr5U4dXTpTYKBDcQf69,*,JzfMJq9mZCpnqEqHfSG84JsMJoquojxcyukL33pehAvcZFNAY8FJZWD5MupG3Az4ukogoVUBFPLebCPYVUkZEhH,0,0,125163063941,125163063941,,,0,,0,-0.005,exit_fraction=1
2025-12-22T22:49:56.609121829+00:00,SELL,CuGrNXH9CmckmjT6R2tmYv2EBT8ATmhwm23e1ezwpump,*,4BDzYRY65oK49i72TJfPGP2VqaucXYZe14zuYqcF61Nm4imtCHU624vRFGMSbaKudUNNiknbfUPrHJLo58g9utK1,0,0,71342609566,71342609566,,,0,,0,-0.0021,exit_fraction=1
2025-12-22T22:50:24.695212007+00:00,SELL,68YQmH3jMR9rjQsKr3n21tS7yHTAVGQAMGwPaDeTpump,*,4NVQoBzrsEhCsLBcjphwxzP8BfwiBXqorMgLf5CAGvcsGLotYkm4P6Ur88Z9Pxj4xHKKqRhqzr6cWZFWfS91Te7f,0,0,50959006831,50959006831,,,0,,0,-0.0015,exit_fraction=0.3
2025-12-22T22:50:41.867823307+00:00,SELL,68YQmH3jMR9rjQsKr3n21tS7yHTAVGQAMGwPaDeTpump,*,H5iVcRndUw4nxH4UjAiAfoLzZwJ66H5Bf2AzC1Z5Z2MArxRYtCbMq55BSzknUnhS9ShxePf3VepGNDUW6Vh9rPk,0,0,118904349275,118904349275,,,0,,0,-0.0035,exit_fraction=1
2025-12-22T22:52:56.379942693+00:00,SELL,3ipfMMYRarKf2gQshVNweSRLuprjns9BSzABkjX74kj8,*,34trfUCE6zDyo8jH4qsN3SCiFXDXHHnjkSxoWNhai78d3KyCYVJu7PBZcDDHXNjMgCbLHeGp6kN7CtvN4En6aK1g,0,0,50959006831,50959006831,,,0,,0,-0.0015,exit_fraction=0.3
2025-12-22T22:53:33.426022504+00:00,SELL,3ipfMMYRarKf2gQshVNweSRLuprjns9BSzABkjX74kj8,*,3dVBzpeeVFRaAnidwm1rxWKuMh6Jrs9K8jrstLTiy1NuLxVAo9rKaVRBzTyugdjrRUhsFdBLWu9Y2toKkqq6gKxV,0,0,47561739709,47561739709,,,0,,0,-0.0014000000000000002,exit_fraction=0.4
2025-12-22T22:54:05.310696732+00:00,SELL,3ipfMMYRarKf2gQshVNweSRLuprjns9BSzABkjX74kj8,*,32HDjXWGgfHKckrK4Yeu1w5pzjDkbtYZkEbx58WRoESsSeeEYggeiFarWFyga5xbchwotCSDWZm9KPXAcZQYaAHd,0,0,71342609566,71342609566,,,0,,0,-0.0021,exit_fraction=1
2025-12-22T22:56:26.361114520+00:00,SELL,FKVXjfj8W5VPx6yLz8nLMfoYDKmmaiJjTJpB1hkRpump,*,5BMFM4jEApU8jwWCosP3FyeUyM4CGWzRka7LhoSNsnWxFfbt9yWKS82yUsLwRrCoXUdCftUgBsNe4NGe9sikRRcm,0,0,50959006831,50959006831,,,0,,0,-0.0015,exit_fraction=0.3
2025-12-22T22:57:17.059436070+00:00,SELL,FKVXjfj8W5VPx6yLz8nLMfoYDKmmaiJjTJpB1hkRpump,*,Y7TzGegFEA12hMzpb9hMZLsjnWHuP5Ge9B6Jbsq71pbCxgoTDKMtGqNmC4rcz73AaqxfiefWAcrHe7bNQgZhkh9,0,0,47561739709,47561739709,,,0,,0,-0.0014000000000000002,exit_fraction=0.4
2025-12-22T22:57:32.398072849+00:00,SELL,FKVXjfj8W5VPx6yLz8nLMfoYDKmmaiJjTJpB1hkRpump,*,2eMUG9QucP2sgv17cJtoa2ADNH8dcWSxMr5VZqpMu7f4EMBMukFdeu4PkdLHQw8bT1mVk6s8qsxHiLYYtjGZWQJ9,0,0,71342609566,71342609566,,,0,,0,-0.0021,exit_fraction=1
2025-12-22T22:58:13.901806436+00:00,SELL,5es6NWfc8ajXheYNDyxPr2AqPVPyrRyVCZ4WmabEpump,*,5X8wqNPZeY2K2EUP9d3V7brDLZfAaNTVo4XsSjpQnoaKND5iMKY6RDnWD46gEdLqwM8pFrTpRZtBS3noVf6vYBDa,0,0,168792732216,168792732216,,,0,,0,-0.005,exit_fraction=1
2025-12-22T22:58:41.407930966+00:00,SELL,FCZyLU5pfPdAYGsVXb4rUYhMjzZMsPgQ8U6MPwWypump,*,2WV5mxsbmgeFF8dWSQMB5sqqrbDKkAivs65m27CT6ARU3X1CLqAsPYwwS4WmKq1DEnYLg4Nu1WitnVRYtfXcADTM,0,0,50604602262,50604602262,,,0,,0,-0.0015,exit_fraction=0.3
2025-12-22T22:59:04.407308039+00:00,SELL,FCZyLU5pfPdAYGsVXb4rUYhMjzZMsPgQ8U6MPwWypump,*,DUbCiPDasGo1LP71zgruWL82kqQyAniedVbSqmF2AVFiDrsJ3fCKN5GCPUVDgHbaUt96JNDfwGMUsWXMfK667Ut,0,0,47230962111,47230962111,,,0,,0,-0.0014000000000000002,exit_fraction=0.4
2025-12-22T22:59:36.506295140+00:00,SELL,FCZyLU5pfPdAYGsVXb4rUYhMjzZMsPgQ8U6MPwWypump,*,vjQEg9koLwmY7TyGHYVzRjUYdCM15AknnFZuv191XcE9ba5q434CpFwbQjX1nvMAL4RD3tt93GQ7LuB4kNTcNW7,0,0,70846443169,70846443169,,,0,,0,-0.0021,exit_fraction=1
2025-12-22T22:59:56.207417443+00:00,SELL,B4VMs78XmFh7TcLqLHs1jBiu9hohGuzTNt7rh4kNpump,*,4nc9a1REikk1puTRYmxXdktdj5FdZ2zbFzzLvyFfj4LLTvQ2VGWTPyvhkhcGbuMS829sRokDcYm9ovSZ4xetCgFS,0,0,50959006830,50959006830,,,0,,0,-0.0015,exit_fraction=0.3
2025-12-22T22:59:56.776963339+00:00,SELL,HbEfbDD9dmVfX3W1KFnsJ7RodMMgaJuYtMYvTuWWpump,*,5pqckB2qvNTvLyZfcY37972RYDcYmJpU8eGyV8s2fKF3mJSYkwXT5h3ezZfdRZ27pvE8zkQQJAkmgyADD3rndPZT,0,0,48624542453,48624542453,,,0,,0,-0.0015,exit_fraction=0.3
2025-12-22T23:00:17.901626194+00:00,SELL,B4VMs78XmFh7TcLqLHs1jBiu9hohGuzTNt7rh4kNpump,*,D6yC1PwahQHYLU8Zd7eYSz6QhQMpqzS9qi4apHv2icpmRBNdeGFcpmofE3QP33q5aB3vSWpstRntLZBPjVwAhWF,0,0,47561739708,47561739708,,,0,,0,-0.0014000000000000002,exit_fraction=0.4
2025-12-22T23:00:33.185125156+00:00,SELL,As8FMPEigBDDNqf5U2G55B6SFyp6UBDfH8mL3Uidpump,*,66AxfLK9UJYxYrRDTUhBcB8mZnszr689XtPC1Yh83g9j57QBDA5v4vfmVz4VjN35JcLWVnbx8cEkDY8ccqcQUGDe,0,0,50637819664,50637819664,,,0,,0,-0.0015,exit_fraction=0.3
2025-12-22T23:00:35.603958533+00:00,SELL,HbEfbDD9dmVfX3W1KFnsJ7RodMMgaJuYtMYvTuWWpump,*,2UZxw3xPUSnYwvCWGDQ4YNMg3ReaQGcAnwN2pSMYm7EkwuEu2Ay4x4kemHY5cTKDxNR4k8ndEAjWztUSEgLVV1u3,0,0,45382906290,45382906290,,,0,,0,-0.0014000000000000002,exit_fraction=0.4
2025-12-22T23:00:51.902063175+00:00,SELL,As8FMPEigBDDNqf5U2G55B6SFyp6UBDfH8mL3Uidpump,*,fXGMs1d8kQWd7wvYXamS9HkqPFxarCn6M1PjnQdkVij1aBx4kCupFvsJbkKnx7P6ddLVdcsisxDHBu5aZmZF3ok,0,0,47261965020,47261965020,,,0,,0,-0.0014000000000000002,exit_fraction=0.4
2025-12-22T23:00:51.912077159+00:00,SELL,B4VMs78XmFh7TcLqLHs1jBiu9hohGuzTNt7rh4kNpump,*,MVTav8NekGJR4xQztGfAn4JVh6QFpYuFCwBRVtmfosvHZQBSi2ioFDpWn8TCvjzspSFy5hGeuVZQgxfXBPmu8qG,0,0,71342609563,71342609563,,,0,,0,-0.0021,exit_fraction=1
2025-12-22T23:01:05.888379905+00:00,SELL,HbEfbDD9dmVfX3W1KFnsJ7RodMMgaJuYtMYvTuWWpump,*,4yd4KiJYRd8KXJLP6ftzLV1dw9oZ82dSV6efp46tQxC5GkPjY58Mh96GLgg22HBRhwPmAp8d1TJL4P52iefDZryv,0,0,68074359437,68074359437,,,0,,0,-0.0021,exit_fraction=1
2025-12-22T23:01:24.122357754+00:00,SELL,As8FMPEigBDDNqf5U2G55B6SFyp6UBDfH8mL3Uidpump,*,5Tk8oXLumTgZLrBPWNqmM2Ddu27UntTfHotTY6vRvarSHq2G8BnNrAeLTbCes1guns5iQEiZ69kZGxcUDR4JR58q,0,0,70892947532,70892947532,,,0,,0,-0.0021,exit_fraction=1
2025-12-22T23:02:37.570563806+00:00,SELL,HkUD3wkzXosfjFy5tfp9JaFFNiZhFX2k9bW7fbANpump,*,qUtzVkeg299URUqdVAB17PPnYZGUUmS58QU333kGUoFAhyTRxfJJJsBuNrbca73gGne2ndzYGdyotgDdUWcu3tA,0,0,50637819664,50637819664,,,0,,0,-0.0015,exit_fraction=0.3
2025-12-22T23:03:27.514731406+00:00,SELL,HkUD3wkzXosfjFy5tfp9JaFFNiZhFX2k9bW7fbANpump,*,3eqxnGtFCAJSiq5tfgEpk4aX3SSZsCkL6N1PfpPawjY9gLsHipNP7Cs73tUpKgQ47pXWD766vKvkYVfNAi5h5XG8,0,0,47261965020,47261965020,,,0,,0,-0.0014000000000000002,exit_fraction=0.4
2025-12-22T23:04:58.794886790+00:00,SELL,J7kWkN8DcrD6f6m3aYMJZtn8dm39QePjdf3KTnbbpump,*,AfSeEAxpnLfoD7osH1gacJEnpsSnBysJZUAQLDCdeTu569Yqsscx5ZjjCnYqYP7CCPZmGXNWSc5e96NbaF8vLja,0,0,50604602253,50604602253,,,0,,0,-0.0015,exit_fraction=0.3
2025-12-22T23:04:59.121805872+00:00,SELL,9LDMDFR9G22DmjnnNacRtduNVdDvg7mjSEtRowufpump,*,tCXK5AX6c6Zb2nB4iWY35XDwDVee4xHxJhdV8AfehwWdZmZUfAUdUcVzFzHv34AgayCYmdu9r9HmGjKqTWte6fd,0,0,50909292662,50909292662,,,0,,0,-0.0015,exit_fraction=0.3
2025-12-22T23:05:32.986264926+00:00,SELL,9LDMDFR9G22DmjnnNacRtduNVdDvg7mjSEtRowufpump,*,yCwfUL6KieDdpsGf1DfJtKdA8J9kRxwLmavkRycBA4PS7FKyRCCeEdmMv4bK5wC2D8fUoqorVNS5pG89HdNEcFT,0,0,47515339818,47515339818,,,0,,0,-0.0014000000000000002,exit_fraction=0.4
2025-12-22T23:05:37.792340539+00:00,SELL,J7kWkN8DcrD6f6m3aYMJZtn8dm39QePjdf3KTnbbpump,*,3uDmsYvemZeb3GkKi5WdLLpjoGzEHs3sfjiwvpZjasgdExXtjJ37NXTYEazdKDnfr7r3UQaqEBM2NoiuvkG4rgvR,0,0,47230962103,47230962103,,,0,,0,-0.0014000000000000002,exit_fraction=0.4
2025-12-22T23:06:10.318630271+00:00,SELL,9LDMDFR9G22DmjnnNacRtduNVdDvg7mjSEtRowufpump,*,hhYhdvVZwwefH3zfVKcSTzyVwuTQTE2MzTmMBgFSqtKK1adKvzWpky7qfCuZ4gkWn9D5U3VZ9MUZer7cTxN2VQ7,0,0,71273009730,71273009730,,,0,,0,-0.0021,exit_fraction=1
2025-12-22T23:06:26.594145283+00:00,SELL,J7kWkN8DcrD6f6m3aYMJZtn8dm39QePjdf3KTnbbpump,*,5mXUkLcodUcDBrNUpskZdAxLZLzYyf7PfcSMdS6tAgPAk7Rn9vtuKKLNchpscoidDoYaAWtTfdwEn6YZ4F1ce6ZQ,0,0,70846443157,70846443157,,,0,,0,-0.0021,exit_fraction=1
2025-12-22T23:06:59.933160652+00:00,SELL,6XvyUBjDwwtNJoJnsqp3jEXBLD3mJKfjA3UaeRzFpump,*,2ThMWuP76RSKMMPcY1U675RqXF97ne25ho9UpgpopGHSeVAsFXUomLwxofjB8PhX3VAXSbvyG26g4r3Sb93J2sj9,0,0,149065410269,149065410269,,,0,,0,-0.005,exit_fraction=1
2025-12-22T23:07:30.541135658+00:00,SELL,Fzg6ebdYUALTwXLfg3FVakt9S2KSeG8u3uxb3J8kpump,*,5cfmqJDCa36zQgYX4D3JeY18yKcVMn8xSH4JAcdjG3FoxGcan8q1GGozDzkiWAVJAaRiqeizvPDeX86ULa2i1szf,0,0,156112745452,156112745452,,,0,,0,-0.005,exit_fraction=1
2025-12-22T23:08:11.409773359+00:00,SELL,2QqbaXvUzCYuxqhVpRxYPVdAB9y2xUnQnpYybMPPpump,*,5Hk5sFgHXRk9LSEUHDuEWX84ArzHLoAaTKihXSE9NrBkSybHtjsNPhygCQexADXpCiKeNsscnNb4TJxqKJri3p8N,0,0,59889496535,59889496535,,,0,,0,-0.005,exit_fraction=1
2025-12-22T23:09:54.317346923+00:00,SELL,GtnWCb3bJcuBMmQSR43GcSs7WaQoZtWctDjqfE6N9FWD,*,4q8toSvtEnkL3HUbniYYm4BALMWX2MsviffE2mvxj9HbspuRTcXE5wZHtvXypyCfELbRxFM8CHgDyKR6fMbreMTu,0,0,50959006831,50959006831,,,0,,0,-0.0015,exit_fraction=0.3
2025-12-22T23:10:14.306428433+00:00,SELL,HGCoKVC392yJJYgrDEL9Kh5nNLCckqmmbgTpiBPJpump,*,3StAjR4srV6CD4F5g7w1Z4N8dkBePyUHuWUBnnXgfBrYqs4fymVZRt46QxNVAr2v9wRoD4fUnKhwJ8hucTmgoygw,0,0,50959006831,50959006831,,,0,,0,-0.0015,exit_fraction=0.3
2025-12-22T23:10:30.109533342+00:00,SELL,GtnWCb3bJcuBMmQSR43GcSs7WaQoZtWctDjqfE6N9FWD,*,4Xm8xwz58n4ZMkTN2jx28KzVWGoAHCQCyXcLXmjJrAyD7gp4vTSbp3by9MkiCSkSv2dWkxvvsDEjzYXmfinKmH7E,0,0,47561739709,47561739709,,,0,,0,-0.0014000000000000002,exit_fraction=0.4
2025-12-22T23:10:32.311946943+00:00,SELL,2hSW7N7gBoDq967Ka1Qm6dsxTxZxHCo5r2WZJo7Wpump,*,3ziGz6yKLQc1dHLT9tEjN4HNswqbJpS41cnfEakkiaJCCh37R6e9uJ5n7VrDvN41p3SLDTq2g5VYB2vfidoAD6WS,0,0,50959006831,50959006831,,,0,,0,-0.0015,exit_fraction=0.3
2025-12-22T23:10:48.172708368+00:00,SELL,HGCoKVC392yJJYgrDEL9Kh5nNLCckqmmbgTpiBPJpump,*,2zXUVaS41J8rutJZPc4VEki2qRvCANofkDhv8BSrrX8TS2gWpvpmMa65D5q9m3rPATwWEAJL8ZaNaWScNwduxQ35,0,0,47561739709,47561739709,,,0,,0,-0.0014000000000000002,exit_fraction=0.4
2025-12-22T23:11:06.134364211+00:00,SELL,GtnWCb3bJcuBMmQSR43GcSs7WaQoZtWctDjqfE6N9FWD,*,2A17ZS8vSwLSsfyU99a3btabvVtFiRz3oXxgKpfXkGZnr8RXD2WNHd23aBss1S1Ni81H4DKBD1UtLAADG5kbneB5,0,0,71342609566,71342609566,,,0,,0,-0.0021,exit_fraction=1
2025-12-22T23:11:06.634785936+00:00,SELL,2hSW7N7gBoDq967Ka1Qm6dsxTxZxHCo5r2WZJo7Wpump,*,618CgNFi6sisEfjzAsn9hboA5HFCseVu9YrrPx1sm1JwyZKX7XPMYtr9ZLodayRTksRepjqajMBoiSdg5RY7adzY,0,0,47561739709,47561739709,,,0,,0,-0.0014000000000000002,exit_fraction=0.4
2025-12-22T23:11:34.155484058+00:00,SELL,93ueSZnuynLWLj2fWwipnAD1fjxDpwDeY8QJZZKWpump,*,5uSS5Yjtf2TSGi8dR5jV474aV2GGEyxz33c8Q6NB7BR8eW4JMp6roDvtmJuRHKtWRD1zF1FQKmqhjK6te8FCwAGw,0,0,50797825952,50797825952,,,0,,0,-0.0015,exit_fraction=0.3
2025-12-22T23:11:53.005308790+00:00,SELL,HGCoKVC392yJJYgrDEL9Kh5nNLCckqmmbgTpiBPJpump,*,4QervWV5etRE146NFxTHuXJdfX1YMYLYVygm7z3StPy6mLVjLfPh6tAXv1QajxYSLMJXQJSCQWBLppppzp49HyXy,0,0,71342609566,71342609566,,,0,,0,-0.0021,exit_fraction=1
2025-12-22T23:12:07.752848845+00:00,SELL,2hSW7N7gBoDq967Ka1Qm6dsxTxZxHCo5r2WZJo7Wpump,*,47gHCHrPjdgDMpbNxAxNe4EWh3UZDiAHCdDwHX9fnke1dMQ1RWUs5Z24TJLNzbEZANKQuusfh1YZRaZUi348SPfb,0,0,71342609566,71342609566,,,0,,0,-0.0021,exit_fraction=1
2025-12-22T23:12:07.802449432+00:00,SELL,93ueSZnuynLWLj2fWwipnAD1fjxDpwDeY8QJZZKWpump,*,2nw7XDqtj3n43qRfrsrVuyekjEdSQcTfaYdvL79LuqTpLzVUcNaczW5Eht1cErwoUduDAWEuVmXnhFgnQXnVNKdo,0,0,47411304221,47411304221,,,0,,0,-0.0014000000000000002,exit_fraction=0.4
2025-12-22T23:12:22.818262555+00:00,SELL,93ueSZnuynLWLj2fWwipnAD1fjxDpwDeY8QJZZKWpump,*,2M14tK84nKxFif7RZDirQwSJTFHJoNKweDFaYqRp4eRVUB12Z64pbFMuDLAKFGanmYcdNwsPxXWtc5WZuzRyrcHK,0,0,71116956334,71116956334,,,0,,0,-0.0021,exit_fraction=1
2025-12-22T23:13:03.853882590+00:00,SELL,CK1yMVX4iQ9oA4YR3Z8E8j6w3SkiQb88bV8voYviSqoo,*,38LVZCRhGwtpXf39LhBC64mzjoxDSLfkJm8wySHq3LFWSnM7A5Dx4j1abzYsDVe1jYtMiHd4MDJMnzBptQJvcJ5D,0,0,50959006830,50959006830,,,0,,0,-0.0015,exit_fraction=0.3
2025-12-22T23:13:03.872980133+00:00,SELL,L77fLBXA1KZBaSdaJjHNMMNKd61A5NkNobDhQiwpump,*,4b9zULNWB7sTtRPTe4BivPoP6ggstCHgGDSZ4YAooJS7fzJMgNH6B5RPRmtiwm28VKv9QXUr9s2yjMFJMaNz7TLq,0,0,41539259586,41539259586,,,0,,0,-0.0015,exit_fraction=0.3
2025-12-22T23:13:06.362874462+00:00,SELL,2DGaQLLqDbJNLTWrTkYVWeH9DUUTN9f9vs2np5y5zadY,*,5NDyBHFRVVj3adnQqqV9BoZ6GVSbXCjFHCrF7zHh97i4ep5JYZJMcrbkh3YCnQv5pmwuJJMTADnS5Xc2DejRSwei,0,0,50462442225,50462442225,,,0,,0,-0.0015,exit_fraction=0.3
2025-12-22T23:13:36.872317029+00:00,SELL,L77fLBXA1KZBaSdaJjHNMMNKd61A5NkNobDhQiwpump,*,2E4t48S1bbjnTyWy9gZsEYQrUmRQqBuZNMui3Nks3w6d3puhYvki6Uep2tCyyQPskPFwUJfvUunfMwvnxZyRTyEX,0,0,38769975614,38769975614,,,0,,0,-0.0014000000000000002,exit_fraction=0.4
2025-12-22T23:13:36.894043229+00:00,SELL,2DGaQLLqDbJNLTWrTkYVWeH9DUUTN9f9vs2np5y5zadY,*,zjvDrmu7fF514T1ENrhW2U8Z2bYW7cmSNAguzjotv8frtfkHxCHR88uL7yoG4Cu3KS1FsVHDVeCKP9imEcHKA8x,0,0,47098279409,47098279409,,,0,,0,-0.0014000000000000002,exit_fraction=0.4
2025-12-22T23:13:36.905939165+00:00,SELL,CK1yMVX4iQ9oA4YR3Z8E8j6w3SkiQb88bV8voYviSqoo,*,4dTUVeaNC8ktTcP35SC6U3JPsm6PqPjPg95SxkBjhDnhmmDASD374PQBQm1DtJoJPWyJDqpz2mwcEodHGVjY7q8R,0,0,47561739708,47561739708,,,0,,0,-0.0014000000000000002,exit_fraction=0.4
2025-12-22T23:14:08.537893136+00:00,SELL,2DGaQLLqDbJNLTWrTkYVWeH9DUUTN9f9vs2np5y5zadY,*,2cQQD2ShKipVomP14HfCTcFatmpzVDgFxEP27B9tKDqUxNm69WkxeoJY3jotYpoqErULgLs8xSsGW2ikRABQVgYo,0,0,70647419116,70647419116,,,0,,0,-0.0021,exit_fraction=1
2025-12-22T23:14:09.112241539+00:00,SELL,L77fLBXA1KZBaSdaJjHNMMNKd61A5NkNobDhQiwpump,*,DpfaJMNMcD8JpuUzTqFGMjSPPtXy21KvELoF18jiDyG1vPVT2JDNE6i8CrdjxWdjBBFSub3yBtqCCDLbMHJ88yn,0,0,58154963423,58154963423,,,0,,0,-0.0021,exit_fraction=1
2025-12-22T23:14:35.368561711+00:00,SELL,CK1yMVX4iQ9oA4YR3Z8E8j6w3SkiQb88bV8voYviSqoo,*,aopmvp5uqtdk8J17RBUtVMmYoG6JLvSJbDXxcu6g8gDR6Y74ka4Ckbu13oyKieBfEE5mMaFrCSpTa3tHLn236h2,0,0,71342609563,71342609563,,,0,,0,-0.0021,exit_fraction=1
2025-12-22T23:16:00.842221162+00:00,SELL,5UvFN7LE8Dj51r896J745cUCVWYz19XDsCFNvm1cpXsv,*,4XmuSHvREwUX956mPGCt29nQhdC56XtVrchbaRTHSZVX3qvtBLz3HMnjZETg6UEDQP4ZXKs28UoEK2vYXZUQiYup,0,0,50959006831,50959006831,,,0,,0,-0.0015,exit_fraction=0.3
2025-12-22T23:16:28.908864935+00:00,SELL,5UvFN7LE8Dj51r896J745cUCVWYz19XDsCFNvm1cpXsv,*,49xUt5ZF7uT6ehxViK5mab2WyX9A2BAwL88frZAeeujXE3QgN35bKg92dHtMQaV9UK7NVUAKQhXccZrWhpj9taq9,0,0,118904349275,118904349275,,,0,,0,-0.0035,exit_fraction=1
2025-12-22T23:17:04.841959919+00:00,SELL,DjR1wvziFQYsamUZkiqZj3sS8WeF79bebDfPQefUpump,*,5XUsb8c1DEWRES14K5w8bNGCmJL7U1WRefzFi2M5boFy5NcX1zQjYuE4rqjHY1xJK9UpoVJTKLEHaCxt3qWgUVdc,0,0,16583735302,16583735302,,,0,,0,-0.0015,exit_fraction=0.3
2025-12-22T23:18:19.938215610+00:00,SELL,DjR1wvziFQYsamUZkiqZj3sS8WeF79bebDfPQefUpump,*,4ASukB5nRFxiYLPZKZyqVBCGMoexXfUw8ncfmeMAZGi32B7hiFPtmYNYgPUm1ffnY75rQXDooUQkCVX1mdHB66Dp,0,0,38695382373,38695382373,,,0,,0,-0.0035,exit_fraction=1
2025-12-22T23:21:27.226799188+00:00,SELL,B6EwdwfAj6pPNtQw6vFHU8kXXN3QSRBrgPHUDaDFpump,*,SioZRaEgZKHRSNfcaLLx7Tn46J9LAtKkfK94mXT2D6yX8FzRXgPmq5XfuX2DzsyS1jC6yUFjQ8W9p3KQrmU5fmi,0,0,50959006831,50959006831,,,0,,0,-0.0015,exit_fraction=0.3
2025-12-22T23:21:53.148724047+00:00,SELL,B6EwdwfAj6pPNtQw6vFHU8kXXN3QSRBrgPHUDaDFpump,*,3mtTwcuvLsiRyYziFcfcHpaCaFfivqi9sjVn6tv5kS6RAbtnQebWs7ftwaxyZeGe67SvkSwxvZGKagXgSDZi62Th,0,0,47561739709,47561739709,,,0,,0,-0.0014000000000000002,exit_fraction=0.4
2025-12-22T23:22:17.502892288+00:00,SELL,B6EwdwfAj6pPNtQw6vFHU8kXXN3QSRBrgPHUDaDFpump,*,3GqBUmp4dM2U7fcPsZAccnzkUmwK7GkpxkFpwQJ1yJq4JcNuTyCny5Rrp3rf49kEZmikbDFhQJ82J6PV78gZFY2T,0,0,71342609566,71342609566,,,0,,0,-0.0021,exit_fraction=1
2025-12-22T23:23:20.951887677+00:00,SELL,7DVdwe6BZEtWuG7uPPmkozKFpYWA1sQAYVnf1tiY1FHz,*,2ioYVoGBrmSqNb1jFFwgnAu9rQeM8DBVZEWTwHANTZXSkVGRnUxKxprbekJFYty3XH5zFHGfB3qXE8kxQPxAApAD,0,0,50826109109,50826109109,,,0,,0,-0.0015,exit_fraction=0.3
2025-12-22T23:23:54.525268842+00:00,SELL,7DVdwe6BZEtWuG7uPPmkozKFpYWA1sQAYVnf1tiY1FHz,*,3NLbM2r3N2xShoZxCJRWEiSptLyCGqCEvUqf7f3AfkdoaBQhCTGw4suWdKS4BSZoVeYYzc8YscgPcdSSp4YcvdNS,0,0,47437701835,47437701835,,,0,,0,-0.0014000000000000002,exit_fraction=0.4
